Month,DayOfWeek,H1,H2,H3,H4,H5,H6,H7,H8,H9,H10,H11,H12,H13,H14,H15,H16,H17,H18,H19,H20,H21,H22,H23,H24
1,Monday,0.7497407012186575,0.7208786444326917,0.7162140695985961,0.7361282160056961,0.7999970098879269,0.9058694031175656,1.5033834986927601,1.3883837883598673,1.1710549676040045,1.1469247631737796,1.0611907747567262,0.9673386320611028,0.9383195943912972,0.9193249074466872,0.9076858962019969,0.880999145949239,0.9115655666168936,1.3372528719092052,1.4023999387027024,1.11949796018292,1.0458739256620762,0.978013332162206,0.8877268981137999,0.8042354937516001
1,Tuesday,0.6250701679273107,0.6010941439512868,0.5976499690785405,0.6303981732553161,0.7196993482707769,0.8706721849578993,1.5406878835450264,1.491156462585034,1.1831787260358688,1.1274059274059276,1.022044622044622,0.9490319204604919,0.9114123971266829,0.8893011750154608,0.8853241996099139,0.880281623138766,0.9308596165739024,1.4920698349269776,1.6451358165643881,1.2312830027115742,1.0879025736168595,1.001798201798202,0.8846391703534561,0.8019028590457162
1,Wednesday,0.5675877632429092,0.5507626904385119,0.5568305038719765,0.5803376625808808,0.6904272751959397,1.053372412049479,3.396027829539389,3.40747427265832,1.5581096139260064,0.9010777859972094,0.8596668320957366,0.7910331201483243,0.7421909675727809,0.7123612970887604,0.6835654022267377,0.6758195761894505,0.6936634423604543,0.9606921801990767,1.0303596677684865,0.8321743934527543,0.7745826037287088,0.7176500332418791,0.6610920191398313,0.603140655286395
1,Thursday,0.707630212898276,0.6775254858677087,0.6835506594658208,0.7080953140181302,0.7887692173528522,1.0254634054386882,1.9188592337987573,1.6976402284280727,1.240107572251433,1.095207432456835,1.036541268475217,0.9478549413030055,0.906545505475949,0.8835230000431629,0.8535662597325493,0.8521709563729865,0.8772652758851236,1.24528710744981,1.2884569477562835,1.040473487033985,0.9861200788910157,0.9112810805144652,0.8476256499744107,0.7804396791154622
1,Friday,0.789133429893666,0.7413007383332745,0.7371086068228118,0.756350019429823,0.8209747883326857,0.9805584013377139,1.5814462853711098,1.3879959020736923,1.1443341458532048,1.098738827851768,1.0491868913460747,0.9876473428245075,0.947774990873871,0.9196547379329023,0.8941486793608177,0.8754253953674592,0.9050764828487653,1.3283875602030122,1.3186844243473346,1.0774720033913872,1.0119051824637015,0.9541102907408062,0.876155485686697,0.8164293873129144
1,Saturday,0.8799222576413714,0.8159261242792295,0.7814704487900884,0.7732128831949735,0.8156312112222611,0.8739011160616,1.0543633308381777,1.168003162123333,1.3561822685572507,1.3148452884055137,1.1552973245856113,1.0680522118991274,0.9659877180999817,0.9091923785454847,0.8856976383403359,0.8663316809327445,0.889850997225974,1.1928495871729206,1.3511195944126264,1.1196865729566776,1.0292711449077834,0.9785215230211386,0.9079389980533691,0.8467445387324268
1,Sunday,0.8488673582896301,0.7760005525835861,0.7409651037279804,0.7510848061163581,0.7850810679296363,0.8477044585041686,1.0596738725903079,1.1537697850181807,1.2382903311274664,1.188533065838891,1.0902309201444553,1.0241930578594192,0.9652068219330322,0.9314085005087688,0.9004308296279648,0.8986246235782056,0.9227733510380015,1.2744391946712799,1.5434154407936587,1.1938774563422885,1.0830555810426716,1.0120692090322674,0.9141134590186074,0.8561911526831748
2,Monday,0.6563738104963316,0.6082161047275291,0.5944975891376032,0.6245925827130032,0.6978437399150452,0.85117673187328,1.3922578509326091,1.288997440877604,1.1314917337607668,1.1236893280189963,1.0646997109823149,1.056611502832421,1.0529246517676283,1.076617671401063,1.0742169311728258,1.093565754202784,1.0666431673575543,1.2054573969831173,1.6526810052147032,1.1514407418477841,1.032804162235737,0.9482066494311936,0.8355719203897393,0.7194218217283662
2,Tuesday,0.6171450574241688,0.5617868258861686,0.5380026311697351,0.5766852691518797,0.6608629545617226,0.8152973147752768,1.2269445603157403,1.1094156877941863,1.0624693009628698,1.0762422157114895,1.0646018813110432,1.0588557620395762,1.0636836869944686,1.107223869103008,1.1311561596769535,1.1585835124881831,1.1489276625783982,1.2736836129465399,1.8332193817985256,1.1768585413051686,1.0706441922975343,0.9960334992829691,0.8775271941018356,0.7941492263225577
2,Wednesday,0.6746245326304968,0.6226415792127359,0.6020199978056902,0.6227303378127662,0.7001870094392306,0.8468458028893391,1.3640125790660378,1.154098489994317,1.0518781689593917,1.040753757755591,1.0444816189568646,1.0593338913619392,1.0536533409599982,1.0726772675664982,1.0966125033746759,1.1438024923907992,1.0900147807724219,1.2013476514104606,1.6926560887783244,1.2008150998102787,1.0907248495726642,0.9837115641361015,0.8317272546841735,0.7586493406592053
2,Thursday,0.6391477639417381,0.6067643553147024,0.5986538632806258,0.6223119050262359,0.6734636363747272,0.8715118967303054,1.6177357233746381,1.327456235916743,1.1130113129651973,1.075328268749108,1.0684768061643644,1.0408074380336694,1.0219805558029424,1.0303838453833758,1.0279829055032519,1.034014534958197,1.0353614036714374,1.1706045903335331,1.6076342080253365,1.1485276553382482,1.0618888613713418,0.9863470944113488,0.8636063629786782,0.7569987763502543
2,Friday,0.7053233283052596,0.6593446091581231,0.6363408722489867,0.6706164402436,0.7342217727973622,0.852144679127823,1.534205478483718,1.2554001871449845,1.1546150648118307,1.1295122369097355,1.078472695642589,1.0630601919134675,1.030337376160221,1.0382161560516003,1.0599259327595978,1.0366058944679606,1.0319188830727242,1.1806092875191547,1.5124957017757208,1.0707376891068918,0.9985059552122034,0.9522971986959756,0.8463362355582659,0.7687561328322033
2,Saturday,0.8020418154402502,0.7354922093774683,0.7159722448873019,0.7262178763291709,0.7660411104656096,0.8448102769636481,0.9496791712631449,1.0323021991292258,1.182790785720347,1.2972473351305833,1.2272511863809343,1.091426072312121,1.0496289091822948,1.076511942139859,1.070527490747208,1.0598745406241636,1.0302029413108613,1.1578190173436818,1.512311598791099,1.068647558372553,1.021085269293785,0.9413134721959308,0.8653015398473861,0.7755034367513723
2,Sunday,0.7441862996550763,0.6867452666526067,0.6348883249766989,0.6543183503527475,0.6830225391015654,0.7328548394777841,0.8965568852090974,0.9659824884855329,1.1380116879494384,1.189248175033506,1.1354645585724101,1.0916735265904252,1.0861874017783644,1.0734517548932234,1.08879984216506,1.081615631101647,1.057124002476376,1.2219363353720347,1.7593153229153202,1.2362721019940268,1.0953635986366328,1.0161739994149221,0.9162481546238154,0.814558912571689
3,Monday,0.5664525832507461,0.514734246666017,0.4860949971408556,0.49831852891045453,0.5573180306286992,0.7114801542283159,1.1545059563975884,1.105920727233948,0.9574732150573023,0.9690789509973908,0.9888704816784923,1.026886989330151,1.024084843960586,1.129154263250893,1.2553611255651638,1.416407259836468,1.5769679830988712,1.443082801189257,1.567502468425301,1.4243944773465669,1.1862121209335337,0.9267599366759274,0.805274799630058,0.7076630585674124
3,Tuesday,0.5807399233152732,0.5252776053520932,0.5004278711430928,0.5049441468504853,0.5686215907610487,0.7025158823213862,2.205148247771877,1.969300564789909,1.170226299131741,0.9432272468343922,0.8732147555514684,0.9059730811575766,0.9373622191057875,1.0566654660730115,1.1780327123454235,1.28045612341081,1.3501620801434582,1.1473179504078186,1.2224189152253158,1.1435577932577725,0.9815236299821444,0.8359605898746529,0.754156736224465,0.6627685689689966
3,Wednesday,0.6839715793064916,0.6249704569165426,0.5949714952508567,0.5989349656608008,0.6510771482395289,0.7936671495745301,1.3398191320514024,1.1656875009270842,0.9780515903820577,1.0059857500976528,1.0078844185575064,1.013295623668089,1.0494889911840473,1.1666368351570109,1.2585086552581743,1.3465356717281345,1.3678956919014869,1.1629344316602965,1.3255316518910045,1.2193960849851913,1.12892453287317,0.9318427467403719,0.8409677275806317,0.7430201684079368
3,Thursday,0.6906250212359467,0.6085198132595795,0.5556779824734271,0.5582874555986693,0.6182121420104787,0.7314446365522336,1.1196037639319947,1.0775493086546555,0.9843305410288198,1.0033657155227733,1.004204474741601,1.0291575615017285,1.0432300772842842,1.1270827002998758,1.2133584055031925,1.310304991879374,1.4348607358753045,1.2902679660962653,1.4204853348192834,1.343435981023073,1.221303319214867,0.9704910139181608,0.8753850380499625,0.7688160195244508
3,Friday,0.696928007579676,0.6246735856991622,0.5922588691394071,0.5917948073418443,0.6424703556356921,0.7747743741208203,1.1713847894077896,1.053977154624424,0.9997051273994653,1.0797325843891543,1.049150911929772,1.0448119341225606,1.0659035428217858,1.1566740304250516,1.2422238228057367,1.3825097042089438,1.3914892999917823,1.2102963711334225,1.2623873079098364,1.1783689194611082,1.106903402636451,0.9928602158854153,0.8885855299730746,0.8001353513576225
3,Saturday,0.724149763160282,0.6538432716616643,0.6171163531810671,0.6090705076376373,0.6512875324890455,0.6936938713532402,0.778956169861998,0.8320350861970365,0.9669686488106742,1.099346472251693,1.11773359574359,1.1659850047525706,1.1570872461516013,1.1843721282444675,1.2474136945024001,1.4130397914390627,1.4630423550663192,1.2959254102789621,1.2191349138424041,1.240882361061263,1.1732972584964523,0.9758427431600453,0.8959995582673036,0.8237762623892219
3,Sunday,0.7848896356907497,0.7081945143883779,0.6482400731513869,0.6219768444679263,0.6323487014762672,0.6598868826150383,0.781672558454912,0.8167000953987135,0.9339818631084142,1.0350238249316062,1.075533261485275,1.0404285146878136,1.0398108358585327,1.0681725887696782,1.1296573689010092,1.2577999893588983,1.3945901134267191,1.2587779808385928,1.3236599945309686,1.5248431365513178,1.3768833203206683,1.1016559286402774,0.9437875145232476,0.8414844584236074
4,Monday,0.5938070497523147,0.5376655916624722,0.5004986293053404,0.5062815287640081,0.5578748701977453,0.6907169200400962,1.0324224809358968,0.9377763791194799,0.906906809055417,0.9339485524315361,0.9093146355204138,0.9435798582915237,1.0170494350439936,1.1632271391540194,1.3810839849527998,1.7552025944158665,2.0509742350563416,1.6345848943188845,1.1855767078804011,1.127685974153595,1.1810903303644238,0.9093557949471659,0.8271398400098784,0.7162357646263883
4,Tuesday,0.6631806545094182,0.5591258192629074,0.5160849555927597,0.5057695628345558,0.5700493246946299,0.7096674899961711,0.933115113476828,0.8878219806455003,0.8675290355032695,0.9088356519193088,0.9377097425656348,1.0144220301954219,1.0699179423268943,1.2346263860839795,1.4565649892266457,1.8618157793977432,1.9368613878482572,1.5176240061862325,1.1413373974279086,1.0484087718376265,1.141742805876921,0.9491062245212052,0.844082913535387,0.7246000345347938
4,Wednesday,0.6376034668250153,0.5792217914715249,0.5235691037394322,0.5266712862492262,0.5572965917782445,0.6838329836251025,0.9208117377567294,0.8500679817251128,0.8470590979374181,0.9021053439758667,0.9333370911985289,1.0105884330965553,1.0826616959180837,1.221466869720969,1.437360112658207,1.705477315290397,1.8782898732983917,1.5714537009950893,1.1318067977837667,1.1367516300550171,1.3621380179658353,0.9400779238701865,0.8511409170292521,0.7092102360360483
4,Thursday,0.6752365258663932,0.5837829223267545,0.5168477111569924,0.5009352745089426,0.5453626014831584,0.6811454584275334,0.9086516212276156,0.8503223657796798,0.8522102819921602,0.8793276239532434,0.947611346703349,0.9787006682283521,1.0417864917960438,1.1808548133179821,1.3866867172630934,1.717439830332725,2.040469649805845,1.5856779897370097,1.1569493807573528,1.1240702165893486,1.2322944005099827,0.9603854291280545,0.8926656294024561,0.7605850497059325
4,Friday,0.6819448011537627,0.6255210699962463,0.5675563545844281,0.5585001086591461,0.5935397198569651,0.7215125353142224,0.9046525870754885,0.8364699606851452,0.8450046427089712,0.9172412430606317,0.9660785901969693,1.0093209791176878,1.0889780113400636,1.2229251042139992,1.4781358041764625,1.7152340122883614,1.8873500997688524,1.4630104510342377,1.1144872276112767,1.0678546733310943,1.123330106485963,0.9490566410494498,0.8875595155777704,0.774735760712804
4,Saturday,0.7455130047660745,0.6557415872718783,0.5851757985395243,0.5466957857816086,0.5532733698563684,0.6179720452676822,0.7511280155616014,0.7585994176813634,0.8733060667899805,0.9846207910098711,1.0507633263400347,1.1437204030202646,1.182475436715104,1.294981918328331,1.4378323766488126,1.6010343843016521,1.6797362090846673,1.3465712624129458,1.126256573525606,1.1141556523009606,1.2510931604775815,1.027363628290105,0.8898073230054058,0.7821824630225755
4,Sunday,0.814695829857108,0.728010938749335,0.6669369357409747,0.6341206877360812,0.6276750766641717,0.6761764618782747,0.7698951567033028,0.8091325077532165,0.912433841091996,0.9807867280865051,1.0044369740347667,1.0397530407823778,1.05935946229389,1.12406065328188,1.2285628799382398,1.3380402360531456,1.4357782472880336,1.3104932138294711,1.1931732891099605,1.2945629963513676,1.5667246349580455,1.0737701821048513,0.9158159488027319,0.7956040769102731
5,Monday,0.6374095136147722,0.5562052585803171,0.4933056800695792,0.4874610289690239,0.5395276644142637,0.6221877299792601,0.7269846791998393,0.7380531210276309,0.7747695189670167,0.8080176624071719,0.8965866060078945,0.9767418211012242,1.1245065899511608,1.3794018866662208,1.6444878570950692,2.0933056800695793,2.1435097343948617,1.6298227068977054,1.1529805312102763,1.0229209874891283,1.0706844182779152,0.9087254967552016,0.8470676389911019,0.7253361878637854
5,Tuesday,0.584651895619473,0.5357261810367975,0.4923185462757292,0.48294536959245105,0.516091643589366,0.5999022052634356,0.7478887911641432,0.7331298173947073,0.7608902943054644,0.8036932079901922,0.8933620050913105,0.9856008667668761,1.1419401625345371,1.3932206672876606,1.7741949453821908,2.170438430654319,2.2871307008544046,1.5814023072313774,1.1054679226177493,1.0102243530941168,1.0298777880751837,0.8811541983626862,0.7997247259267074,0.6890229738891204
5,Wednesday,0.5647091736784471,0.5155532272475125,0.4827880818360659,0.47019876177591696,0.49934344913085005,0.5616482409579403,0.6812385532155907,0.6686492331554417,0.6940747226886838,0.7465055379980101,0.8048442825904651,0.9081425335938051,1.041507043093736,1.3207101857610402,1.7856263700999533,2.389123814865683,2.831543789371624,2.003824794515006,1.0582763465464053,0.910660397605835,0.9335021966169288,0.779715012352756,0.7200268243028731,0.6277874269994288
5,Thursday,0.6049528216854398,0.5386908648649947,0.4989644566261556,0.4861581701367718,0.5214427582869509,0.6128942576015293,0.7460719456277636,0.7111527019870415,0.7287084670993649,0.7792221526963786,0.8495798137544196,0.9278019960949799,1.108743671568105,1.3108945572481225,1.7265604657181062,2.237485147864377,2.49491842642274,1.607919643436578,1.1138200373837166,1.002524562608111,1.0267911294994059,0.8693661032402693,0.7991045854741907,0.6962312630744861
5,Friday,0.636052208314027,0.575065140041418,0.5386915942482483,0.5368553800817184,0.5660697537874066,0.6477503367682115,0.7311433441964542,0.7097896176531017,0.7406338893268333,0.7833000791738411,0.8611638124826458,0.951365254460943,1.0967769111542274,1.3465639326618313,1.6528403293150389,2.1938632966061844,2.358235411940378,1.6228625856749506,1.1063293511441523,1.0007160891389135,0.9927522838773347,0.8539014822959211,0.7975977917289556,0.6996801239272632
5,Saturday,0.6449290090299352,0.5725879039516855,0.5318443134636044,0.5054731279579571,0.5198455329403908,0.5391393978107488,0.6489358613280682,0.6600635870038617,0.7154844516709735,0.7907000377457101,0.9024781510409104,0.9645625852907871,1.1202636392671526,1.3797291019424522,1.682943294329433,2.2072965361052233,2.492523445892976,1.671576028570599,1.1320228797073255,1.001125112511251,0.996944049243634,0.869944252489765,0.7691632066432449,0.6804244940623095
5,Sunday,0.683864942611563,0.6108597024217863,0.5437806614514576,0.4962788311321462,0.49941487429885806,0.5212749399021139,0.6391071500631245,0.6611286296529023,0.7400139507802638,0.809929266085192,0.8942796036133674,0.9642640963410909,1.1252630183262524,1.3787752137294127,1.6754080026748606,2.026322009373541,2.1282895305735385,1.652256625179429,1.233087561322903,1.0969002749802557,1.0929110435990708,0.9623732467846912,0.8285379928170777,0.7356788322851032
6,Monday,0.6152020938273264,0.5768477480013275,0.5454302554687795,0.5389168728705683,0.5470838077073347,0.5869908794158794,0.6305478652119664,0.6427478542891112,0.6928383879546113,0.7532737057466822,0.8668041826133351,1.0247789172089583,1.2574256510651882,1.5484306797796945,1.868493864296127,2.2638340062092235,2.2632693786155698,1.488338171598056,1.1348611327000877,0.9732969798305278,0.9209076052480119,0.8198997617977338,0.7583755193607609,0.6814046791831384
6,Tuesday,0.6283216186736099,0.584980536835267,0.5589469385363769,0.5462092923472456,0.5559486289626366,0.5932310576623179,0.6419277407392728,0.6566297966491306,0.7012529143052106,0.7762933656369598,0.8940338808981833,1.0521585244181297,1.2465110187876836,1.564579969568881,1.8630875351310554,2.2179426426824875,2.1548747516486393,1.4262648472326809,1.1338572908032885,0.9666343285768196,0.917524085558659,0.8344192153734015,0.7761279416604777,0.7082420773115846
6,Wednesday,0.6164595938417301,0.5676343377463607,0.5420044329958665,0.5264577966812437,0.5353908824057988,0.5762798777930869,0.6374504283232493,0.6468435871323308,0.7050428323249266,0.7845396273887257,0.9168106391900797,1.0410112023003655,1.2133852513029413,1.5462289582459712,1.8134739112202718,2.2535146468579645,2.306806445815611,1.5260624213742287,1.131741448511352,0.9636997543880668,0.8937303061163362,0.8077158090217456,0.761938537111364,0.6857772719103815
6,Thursday,0.6195032782562447,0.5605080738512694,0.5295266528713234,0.5088962086642502,0.5213209562586314,0.5637259940915409,0.6259391187367875,0.642708058655535,0.67624593849303,0.7439116502120698,0.849656084774321,0.99478428761056,1.1981747241303793,1.5382731388577278,1.9510250416765365,2.3781324442338887,2.3621858617098774,1.484480238841191,1.1057310265612499,0.9629447545665416,0.9072389797405104,0.8244847975615315,0.7707097748796632,0.6798929147653376
6,Friday,0.5849771927872724,0.5398420183313507,0.5093068832424754,0.4963157579440133,0.5019127249698329,0.5333550137356761,0.5923884671670275,0.5903345343135158,0.6356237537334509,0.7238915181131205,0.8541450932399935,0.9983311795565216,1.2527278795710703,1.6092563907264934,2.0531968609059557,2.5420328800417633,2.4248046624275776,1.5088875386182168,1.1036637027274518,0.9238418814024939,0.8511668906024015,0.7604344067985178,0.7420003594382494,0.6675624096055593
6,Saturday,0.6663750147043334,0.6005180538459232,0.5672666547238007,0.5445331787424162,0.5370783700602089,0.543426028938128,0.5626166255457903,0.5934876525886931,0.6613190305980838,0.7562755788125358,0.9020687555405544,1.0557780533692338,1.2849027053666782,1.5424072973473766,1.850988400299238,2.20392930540958,2.2187651127870422,1.5500466309969654,1.1245689612090075,0.9587548255201106,0.9268135536663958,0.8418398061872759,0.7922394949551642,0.7140009087854644
6,Sunday,0.6701665450607225,0.6186700292616952,0.5847051077038848,0.5646108906385456,0.5520825123872815,0.5544824290003484,0.564793935125983,0.5877761874375551,0.6530417163471438,0.7371608274627746,0.8517670148749069,0.9935451395332874,1.2240184874932312,1.5108695375838634,1.8153742115740048,2.1655179777651794,2.182683483031522,1.5572408077346465,1.1720745296138015,1.027977841447882,1.0040193518699774,0.8752170475432633,0.8025077094778911,0.7296966800306092
7,Monday,0.4246170750193074,0.3946340885807794,0.3755006632364693,0.35826562344947205,0.36156766378249483,0.38389958115670164,0.40892375441218837,0.4211539595480884,0.4600536054224795,0.5033022800281689,0.6027776832313589,0.726725002073363,0.8930120715269491,1.2035879487033212,2.170740605268595,3.8533314988664817,4.132750842168895,2.438516517152824,0.9115127016854883,0.727369302626148,0.6707283808161427,0.5938150023274399,0.5150262490154521,0.4681878999013894
7,Tuesday,0.4813872655032521,0.4521721345290542,0.42820038744330413,0.4146177919450374,0.4160123089366459,0.4342386460169689,0.4676652183058245,0.47692481113010493,0.5200293313407235,0.5659647210443073,0.6568732837272651,0.7825889905207708,0.9661771524660289,1.3146251131592432,1.9543458378897238,3.023494125016124,4.018468053358869,2.217477249036331,1.0291256494672363,0.8280781347870398,0.752927614109258,0.6678760227910561,0.5924326535450365,0.5382975039307948
7,Wednesday,0.39347808777509524,0.36795050726150896,0.34516317550361836,0.3299836396332514,0.33332482013361714,0.35648472957320326,0.3850049501752467,0.3939107586312578,0.4244621285302862,0.4559389333161066,0.5428817381349783,0.6614936458979648,0.8004651211703747,1.1257014000207322,1.9282457450276653,3.9958595802792227,4.382150524388063,3.1737609163007243,0.8923115290257544,0.6681159137242294,0.6031912480300706,0.5380742841776174,0.4710824132817934,0.4309642100076168
7,Thursday,0.4279589360880834,0.3980157344264103,0.3784120361009503,0.36539804790177016,0.3655910519640461,0.3854428983695752,0.41311140929728135,0.42209988419756267,0.44841736668933696,0.49745418451188356,0.5927154752495267,0.6961242946161057,0.8584407109902027,1.110972740473871,1.795172141242211,3.410822932558866,4.947645350440233,2.542814734481554,0.9109653879381652,0.7419214013933054,0.6777199786776464,0.6143181442199879,0.5255638475819349,0.4729013105894896
7,Friday,0.49113396368093243,0.4569068077918983,0.4387340340417966,0.42482830625133583,0.42261912642825933,0.4474950964908465,0.471100031586732,0.48532351811886826,0.5266472859053192,0.5891398384348112,0.704107977446695,0.8482947893240629,1.0281462371123296,1.4054469144302189,1.9498735585007083,3.247736441820833,3.8192028416710326,1.7770128030293,0.9782732460379457,0.8628965600724793,0.7668728946119088,0.6851181097894281,0.6167091921173136,0.5563804253049444
7,Saturday,0.4690538917107509,0.4274242839378675,0.4070394334731384,0.3853014942989019,0.376183952620819,0.3813686850591186,0.3970999220182519,0.41627078635108644,0.4606571542984804,0.5137690475688663,0.6237738950829346,0.7563260058591692,0.9427361055493497,1.1988998250679705,2.02877315741775,3.7064893460071238,3.961401142327228,2.405817016881995,0.9985921133053722,0.7665184310915336,0.6969165595295803,0.6355217400467891,0.547533036862183,0.49653297363373866
7,Sunday,0.47826820226242056,0.4393809746018312,0.4187081667937593,0.3936028110052179,0.3835954337720011,0.38081422719602026,0.39001455787817113,0.40845246754482994,0.45589438864671744,0.5126111370354697,0.594445657313549,0.7155523043765721,0.8790351034209462,1.1039900174549684,1.6924759463914156,3.434330725607277,4.049362278023398,2.7622347739804054,1.1928023863745711,0.8108458779062729,0.7364982664019278,0.6777825257866894,0.5745178155526148,0.5147839546729548
8,Monday,0.266793150677631,0.24804225134433672,0.23624086677076728,0.23140605098087283,0.2370082978485283,0.24764148178150597,0.27012721235990383,0.2762240259221164,0.29298813146520714,0.3253822499586973,0.370421927211294,0.4312024685699668,0.5322134524272673,1.086324271606649,2.9015375268467642,5.880628227607267,5.18443180788642,2.492232425028912,0.6151812789452086,0.4482820735561371,0.4333427485757225,0.36985061740896086,0.3270961793656969,0.2954012758541668
8,Tuesday,0.26728620780217777,0.2503888967453888,0.23709569890300813,0.2306794076648013,0.2334996666599325,0.2504050586880543,0.27442170548899975,0.2802400048485828,0.29818784217862987,0.3227378330875371,0.37105396068607444,0.4435402735408796,0.6175478292490757,1.6426432857229438,3.2497464595244345,5.171724681306692,4.996610032525909,2.2911978019757977,0.6575890422028727,0.4627406614275036,0.4308612295197883,0.38121174165134647,0.3342774601507101,0.3043132184488575
8,Wednesday,0.28247825175558117,0.26443768996960487,0.25444659888900534,0.2488339796667016,0.2510271460014674,0.263761660203333,0.2883188345037208,0.29342050099570277,0.31756891311183316,0.34508961324808723,0.3999030499947595,0.4756812703070957,0.6557331516612515,1.3928728644796144,3.51855413478671,5.403537365056074,4.6798317786395565,2.0218713971281836,0.6287234042553191,0.49719631065926007,0.45774289906718374,0.4019390001048108,0.3448302064773085,0.31219997903783675
8,Thursday,0.38930759368414375,0.3682528992297703,0.356936138969816,0.3493842716353685,0.3497154938868794,0.3655368767673812,0.3944525793242791,0.40356119124082757,0.43153843075177795,0.4697504378344137,0.5493100226473214,0.663217354941905,0.8472113156561858,1.4313217561955813,2.59825087049348,4.399558922368405,4.407022463769116,1.693749146067633,0.8014916042059705,0.6652267699344042,0.6208429882319495,0.5449268481856611,0.47026935269511405,0.42916467128261676
8,Friday,0.2862036265616762,0.2678494888732539,0.257795740040631,0.25269113045293334,0.2529416104496224,0.26236484066989,0.28704143896439477,0.29706063883195705,0.3196470247402979,0.34828811677550187,0.4157104220911841,0.4970818720500672,0.6329629516332483,1.5778685087982895,3.482414756726701,4.840508661533506,4.792744717337282,2.2745829382095355,0.6491232300403251,0.487503171487027,0.44293500655890505,0.39251079205301825,0.35757315113552723,0.3245961639852231
8,Saturday,0.5442204192003036,0.5025122034080141,0.47874495736887784,0.4634612977631555,0.45618257866367007,0.46453412484131096,0.4873275739941214,0.5018354970971776,0.5552127704934042,0.612518241498877,0.689910336413814,0.8516596497357132,1.0908340680364925,1.5014462534265134,2.001169106431323,3.0761253337111154,3.558682953465438,1.6898842034465258,0.9722619183523575,0.8340157705580489,0.7823220104229277,0.6886229439200277,0.622784371385226,0.5737314163655645
8,Sunday,0.5617957739738352,0.5168447611135146,0.48885604787301246,0.47448495545405467,0.4690452580678507,0.4683285411825063,0.4879004253592199,0.49541676397731926,0.5461015119203955,0.5938826376100248,0.6641025150177456,0.7831877821211297,0.9525718726908661,1.3700318923699515,1.8861783139541564,2.918287383562221,3.6155426488661555,1.8845978613351915,1.0664747253925286,0.9107082556443369,0.860887243434881,0.7463963153401151,0.6454127439306867,0.5929637698083011
9,Monday,0.5842270784614144,0.5525919125628826,0.5248274022566418,0.5158579022783522,0.5242877435442551,0.5581373710556842,0.6272881219256512,0.6287396177727603,0.6539733148071185,0.7167784235762624,0.8052452345654507,0.9286223815697245,1.1590008249955028,1.6367476568266826,1.99874699931147,2.4944328310992288,2.501373958675789,1.477120331486915,1.0959910180940744,1.0022206645866027,0.9025698920062278,0.7738892024836708,0.7035288717411127,0.6338012443165254
9,Tuesday,0.5365071661371553,0.5071900305013496,0.48174361692992906,0.47382297270558554,0.483589377914335,0.5170639557674431,0.5944425570360304,0.5935107165390489,0.6097283251884401,0.6678787562020033,0.752156561150166,0.8596228584655246,1.0459371978331722,1.6217250249200135,2.1576945907704483,2.888902660748086,3.017192009169072,1.6395375144200077,0.947699705439843,0.8677764628141136,0.7969924250626268,0.7115139794741225,0.6446544238156928,0.5831171109957926
9,Wednesday,0.513161921153462,0.4847678579894578,0.4666487563589973,0.4528913414197893,0.4635283401885754,0.4946980221561041,0.5575028625364731,0.5539686895257743,0.5718809127360964,0.6153771005702087,0.6789922147627866,0.7893618519066576,0.9249189367023867,1.3192464453546457,1.9618280581730625,3.1602230264301547,4.063299049939588,1.5313313057332618,0.9126441504408378,0.8584592442329049,0.7775180623537304,0.6721135072931826,0.6152219417551048,0.5604164002867564
9,Thursday,0.2579154783790049,0.24110334194111843,0.22953943857114356,0.22041770220657605,0.22936961901116493,0.2466346076089945,0.2804772199190257,0.2815608304446037,0.28938870349504825,0.3088775196640268,0.34554237132798893,0.4119013860510752,0.5029246701996323,1.1235828153387495,3.0863249429891475,5.090689036125742,5.7729189017256894,2.58405529109229,0.7542737922594627,0.4265058682092392,0.3903585618709263,0.34175782113417896,0.3059744138529632,0.2779056665822061
9,Friday,0.319626416483559,0.29620246197217026,0.27655965254946097,0.2722137288272826,0.2792782480056254,0.3084361415249103,0.350708386364425,0.3475781725821511,0.3588450276944946,0.38449937918224364,0.4265801736375214,0.491137243202215,0.5904521300251239,1.113283984337763,2.771837808020734,4.798445422879996,5.206263458862298,2.5141647358762462,0.7826395982413686,0.49890055628302266,0.46177832677948144,0.41762029565523295,0.3795120966728715,0.35343655433980126
9,Saturday,0.7054767975522693,0.6563386027536972,0.6229678735339113,0.6058133605303416,0.6031412544620093,0.6078735339112697,0.6546455889852115,0.6633146353901072,0.7122080571137175,0.7932279449260582,0.8925446200917899,1.0336562978072412,1.1862111167771545,1.4440591534931158,1.7094135645079043,2.0427944926058133,2.0182559918408973,1.434023457419684,1.1281591024987252,1.0499541050484447,1.0030800611932689,0.8950943396226415,0.7969403365629781,0.7408057113717491
9,Sunday,0.6800958068703699,0.6416600318802181,0.6199788240886795,0.6042614443833139,0.5969014023639232,0.5990555610037448,0.6212354166285755,0.6262817327014911,0.6691853922779396,0.7353459867991297,0.8099437026596213,0.9359619830891899,1.139968784645636,1.4012403033773415,1.7106014191517334,2.1476163802488917,2.212999084150146,1.5130371476014208,1.196894421294257,1.092816645529539,1.016104662855889,0.8986631251589439,0.8013470140136663,0.7288037272263378
10,Monday,0.6358869675061801,0.5799904666228509,0.5265362241552517,0.5530154469784321,0.5888413580242191,0.6601810117468652,0.78688464384114,0.7811554361290509,0.7838915000684781,0.8163753732822131,0.8791028525914948,0.9724411949009439,1.1001731463281579,1.431163431617912,1.760152166777481,2.100764582968308,2.0308388683284533,1.418327802801405,1.1670689915048886,1.0736388349692843,0.9698153080329031,0.8688563849525665,0.8034846559300131,0.7114133499415066
10,Tuesday,0.6346730512367648,0.5589899484300502,0.5217145165427788,0.5240143770768773,0.549666667649513,0.653337304032717,0.8225539656377248,0.78848064726331335,0.799449212887475,0.8476047542245194,0.9425889942827825,1.0144861728256735,1.1170422614115834,1.3750512308676666,1.6526090148635857,2.0792331439388354,2.1048500520417157,1.30701074152811,1.1939637506597356,1.1398993368735462,0.9761492668457413,0.8794666682392208,0.8029166949235002,0.7142482257165688
10,Wednesday,0.582994479406748,0.5313156117033547,0.4997827432741655,0.49931999677730116,0.5163589838582728,0.592794789143912,0.7389069955288496,0.6980696171805654,0.6997388099013977,0.7354363968023665,0.7888009838871944,0.8457022763409147,0.9774693413230555,1.3205297621056067,1.6618879368461208,2.673236932403892,3.071727772846559,1.6394777850694016,1.0351473868250838,0.9619508070174955,0.8556017460416926,0.7693325776976847,0.6846334421108952,0.6197828259074685
10,Thursday,0.5594100092614825,0.5083524851644771,0.477859568483518,0.4615099646691593,0.48342469042637115,0.5580104963468597,0.7686289575686893,0.7258697218125064,0.6786649744451686,0.7059801735670429,0.7601166260762185,0.8532089321853669,1.0286255273899771,1.4306644256165746,1.8890625321579253,2.7760408877302507,2.9419243302576064,1.5564394744966215,1.0009645662539017,1.0026769114670875,0.8418811100058313,0.7279772236133503,0.6716509450142353,0.5910554659897781
10,Friday,0.6896446092565647,0.6180737465549233,0.5816461261513961,0.5713489568579978,0.5953756852092604,0.6764243725508469,0.833029923610874,0.8061465611975719,0.8220684208146759,0.8518748506402976,0.9144772110541404,0.964567957165252,1.0908799004976042,1.3216693593702857,1.6287685932645808,2.090967555612557,1.9674679574420577,1.266950423189668,1.1167889071067998,1.1130907839412139,0.9877531964129681,0.8764551902438935,0.8406254699928861,0.7739042418616839
10,Saturday,0.6879884378125644,0.5967543561594012,0.5517498815545782,0.5221935613547285,0.522844412965347,0.5448393688653647,0.6376431514617841,0.6686351737438804,0.7400565666620406,0.8114396741913408,0.8757016993926982,0.9593169886627393,1.081370808348129,1.2649301052369626,1.5903941959350492,2.3973927650186404,2.5257062457826254,1.6568959163847108,1.1401005948592293,1.0502065018161633,0.9106945448106549,0.8324392099810008,0.7589504060644056,0.6717554329359628
10,Sunday,0.7276764984959522,0.6609129267357114,0.6125411341933661,0.5706498697837805,0.5718006177699715,0.5996002664890073,0.6698160822078211,0.6953142349544749,0.7856176690287283,0.8562574445319282,0.9009145418206045,0.9944077685583348,1.0951486887529525,1.3653120142127468,1.7826903276603474,2.091656067672057,1.958976843720348,1.375143843498274,1.1656673328891851,1.090263056951931,0.9805786041628812,0.902933397936729,0.819231623362203,0.7268891446106636
11,Monday,0.5960077285425267,0.550146047614859,0.5494180844255309,0.5812786066784557,0.6354148025248191,0.7734123577817749,1.1556172976186505,1.069499252321141,1.0081319554607855,1.0037156454455287,1.0354305750605877,1.0495530609335522,1.1098041475702713,1.2130535932566344,1.3301343395402305,1.3217870283026023,1.3029570471386498,1.6412172757797547,1.3540600630294795,1.1058003500289668,1.010776888382011,0.9427608610591257,0.8897651408760431,0.77025785062802
11,Tuesday,0.5411498505861356,0.5100360037551194,0.4864530283387723,0.5153385625320234,0.578288394548887,0.7493320220217811,1.4375505067004122,1.2992094304391633,1.0769971423953673,1.0260348070687029,1.0343703469358982,1.029336010976503,1.0617290743217918,1.1496855259402414,1.2524767626193678,1.2546638102082854,1.2123465026151723,1.6867914017393217,1.4358792722220883,1.1878969611730277,1.0426852542786698,0.9015587872202143,0.8139737210413922,0.716216820321661
11,Wednesday,0.6980167560131912,0.6426153316748375,0.6109191264492887,0.6198369021885107,0.673590700524237,0.811311639018873,1.3768592644208038,1.2056503274227612,1.0964951047486813,1.057013866660717,1.0236288447824748,0.9934566936093564,1.016420481020979,1.0797922961470439,1.083499454652956,1.1308275115784343,1.136614797912664,1.6247857871661948,1.3813902359280297,1.1070811018155637,1.0219400281297815,0.9573324935017459,0.8568067120164282,0.7941145426164473
11,Thursday,0.7413849424591805,0.6875766452283159,0.6588945950722138,0.67249661288336,0.6837852166415869,0.8093736110144214,1.1949640403348023,1.0463271874347344,1.0078131275537252,1.072738664538897,1.0820351617515542,1.076572934126606,1.0772798106427757,1.1365074944976088,1.1887092541917241,1.2198118209031954,1.1672459127007504,1.5198916122675206,1.2899639600079258,1.0894680754215822,0.9905053631578102,0.9490995357106519,0.852985750012049,0.7845686714470084
11,Friday,0.7343478307826894,0.6729811752762147,0.6466935231285978,0.6687259020855159,0.7037833050728473,0.8254365975094772,1.3344925532719163,1.2046527200267845,1.048482033890983,1.0526725059671027,1.036645030294521,1.060448639716603,1.0635158924733503,1.1386851853851887,1.1771122463306367,1.2234666436262702,1.142530051516886,1.4869479755051787,1.22610188895249,1.0588286118521237,0.9589268935425689,0.9069996003931268,0.8434297069909602,0.7840934864079662
11,Saturday,0.8096426019480764,0.7216156247257776,0.67337754321746,0.6816261548683106,0.7128405059482771,0.7713329405423024,0.9451555076406213,1.0348121497787417,1.1765428539193443,1.2713893520201578,1.1384588384249916,1.0922014265835955,1.067982098757694,1.0848553985784308,1.1320404658334482,1.1410913740582418,1.1410161587544345,1.4468917275701696,1.2438605508267415,1.1112058266788682,0.9962517706936105,0.9390630680322423,0.8742776196863522,0.792468440912111
11,Sunday,0.7866431339135375,0.732734194848491,0.7012489941100495,0.7026825986110267,0.7228883073323461,0.7621907099723422,0.8693053104227104,0.8994110049432306,0.978259252496974,1.0478566936481852,1.0200772252990622,1.02429689137741,1.0637074905835175,1.0901345018562474,1.131681983243057,1.1602188275549605,1.133737717999175,1.666822199230452,1.4341995820907636,1.17877453864308,1.0876730299772113,1.0185895225150292,0.9410937320376795,0.8457725572934629
12,Monday,0.7475942751402612,0.6986069221493201,0.6835669453538558,0.7039138853900053,0.7663727604534554,0.9032150636110446,1.5900048611353572,1.461670887707773,1.2099231618328359,1.1643950035048516,1.0628107030920582,0.9963125199749692,0.9516652745735764,0.9270211983101511,0.9053636317246825,0.8877883445551256,0.9196301239992373,1.5072635030791668,1.283533105406066,1.0832006144904804,0.9940565234556494,0.92934165187288,0.8487488619303273,0.7740001772568693
12,Tuesday,0.7493875982644616,0.7151171168286397,0.7017163259097968,0.733801373701148,0.7765734321715045,0.8930978722041659,1.4076354088281913,1.2315759137994524,1.120935333578828,1.1177412382522935,1.07528138458829,1.0244640484157608,0.9787620679165533,0.9379833170559887,0.9128148065130727,0.8978289758081303,0.9317392209289294,1.6108327062553034,1.3399109816039323,1.1411325829744312,1.0652187835219904,0.9724219087721546,0.8660561328231321,0.7979714692838503
12,Wednesday,0.7885783952003593,0.7528505887259777,0.7441496358561391,0.7540055824697616,0.7950206936379094,0.915910038820623,1.546100291956752,1.3441817190156886,1.158279059321762,1.1230902499278128,1.088312104976098,1.037133048862652,0.9895473066187558,0.9533061695915814,0.9125990567551092,0.9173986974237223,0.9543584972248066,1.4118900189290642,1.2497288973018061,1.0737848503320606,0.9985305912926306,0.9238409958612724,0.8286181783182007,0.738785331579454
12,Thursday,0.6919845127275722,0.6557621135428203,0.6373091932034184,0.6436310270233987,0.6992338742894801,0.8323096966313046,1.3911695697674773,1.2044435901425767,1.0900647743880298,1.0894057415187655,1.024869337580434,0.9953593102122634,0.9673626175809221,0.9583802436590969,0.9284308610447501,0.9140541810448721,0.9798842420969448,1.671429399578341,1.4425009076957342,1.2089103684787017,1.1371734202280375,1.0407593523171412,0.9388777524538294,0.8566939127940857
12,Friday,0.7819811349907249,0.7578216373584493,0.7360668525137584,0.7419100798480761,0.7700025189553733,0.8994974262643706,1.4888093768816082,1.330795025390883,1.126754021666762,1.0787047138176409,1.019822961448746,1.0147663224094323,0.9751447462925004,0.9541091278889562,0.9115659381048654,0.9061946637475501,0.9477939475776359,1.5603439638244299,1.2686096021829698,1.0918744492711416,1.0003829935864963,0.9623570680108587,0.8618086099580206,0.8128828180087518
12,Saturday,0.7903960175262388,0.7434433837304816,0.7207103501245476,0.7274342051347534,0.7737236015315447,0.8342154263682606,0.9621287633481291,1.0625520536536184,1.165308109983057,1.165399591003604,1.1192474161376331,1.0827922294496464,1.025227797270435,0.995130541510466,0.9894587182365508,0.9736325016819166,1.0162626572568272,1.5982420397218213,1.320848715168125,1.1233869323173857,1.042471969643548,1.00489614045386,0.9105334677596107,0.8525573709879378
12,Sunday,0.7807300386611761,0.7227298800990547,0.7069035149491435,0.7180065943188125,0.7517187667597831,0.7973398872343502,0.9251819966701955,0.945530180434367,1.0840500496672527,1.1385357254450232,1.07417815853414,1.022445867358122,0.9700644042028289,0.9442766069571463,0.9325019703675376,0.926771348757386,0.9935912921413814,1.6856533925298587,1.4790600064357566,1.2561253946564566,1.189238295550467,1.081050427418189,0.9689899126509254,0.9053262882006464
